case_id,patient_uid_hash,pathology_uid_hash,sex,age_at_scan,scan_year,phase,layer,match_status_simplified,label_5,label_5_id,label_5_source,pathology_class_5class,tensor,fold
G0304,fd5d9ac6b4e7412d4425ac5b,509fb8fe626b5b93f6019baf,女,48,2024,薄层静脉期,薄层,matched,肉瘤类,0,from_label_4,脂肪肉瘤,data/cache_96slice/tensors/G0304.pt,3
G0217,398ba8b311e2390eedc277ae,e58fa4142fee7b3754cca334,女,57,2020,薄层静脉期,薄层,matched,PPGL,2,from_pathology_class,嗜铬细胞瘤,data/cache_96slice/tensors/G0217.pt,3
G0123,834d0b816cc398d0e95c0895,d99c387c6e72291674d7d2d8,男,56,2018,薄层静脉期,薄层,matched,肉瘤类,0,from_label_4,平滑肌肉瘤,data/cache_96slice/tensors/G0123.pt,3
G0317,0d9077008d7034b09c9ca1f5,ea17a22b307563f0799ad504,男,65,2021,薄层静脉期,薄层,matched,肉瘤类,0,from_label_4,脂肪肉瘤,data/cache_96slice/tensors/G0317.pt,3
G0419,e7140ad68fa709c35dcb578e,57e4779dd306cc7d56f60350,女,53,2022,薄层静脉期,薄层,matched,良性神经源性肿瘤,1,from_label_4,节细胞神经瘤,data/cache_96slice/tensors/G0419.pt,3
G0037,31478116321e77bcd9a78a32,ea7127941f9da5491dfd16ee,男,44,2022,薄层静脉期,薄层,matched,PPGL,2,from_label_4,副神经节瘤,data/cache_96slice/tensors/G0037.pt,3
G0322,2169b7edbe90918b4d69fb5a,e5e7c7827fb65e8b1d40806b,女,24,2019,薄层静脉期,薄层,matched,良性神经源性肿瘤,1,from_label_4,节细胞神经瘤,data/cache_96slice/tensors/G0322.pt,3
G0235,3778a2da8ae89b8466e80af9,52e9fcf694c96f8bae5c3f4f,男,72,2021,薄层静脉期,薄层,ambiguous,PPGL,2,from_pathology_class,嗜铬细胞瘤,data/cache_96slice/tensors/G0235.pt,3
G0108,3435abfe3d29c85dfa0c5582,a4cd41add2912059f8c498f2,女,55,2021,薄层静脉期,薄层,matched,肉瘤类,0,from_label_4,平滑肌肉瘤,data/cache_96slice/tensors/G0108.pt,3
G0354,a9660035fbda18d25388582e,67e4f6269494c9d82120e458,女,64,2018,薄层静脉期,薄层,matched,肉瘤类,0,from_label_4,脂肪肉瘤,data/cache_96slice/tensors/G0354.pt,3
G0273,d4b2b1b08f89d14479f529b9,b333eff2e11f7bb7d9330951,女,72,2021,薄层静脉期,薄层,matched,肉瘤类,0,from_label_4,脂肪肉瘤,data/cache_96slice/tensors/G0273.pt,3
G0297,2ceb61483af3e6fa0ce00bfd,44c94769a60ab0c1670b8367,女,58,2022,薄层门脉期,薄层,matched,肉瘤类,0,from_label_4,脂肪肉瘤,data/cache_96slice/tensors/G0297.pt,3
G0293,e5c94a85a2bc5f9894178f09,7573c17330777b17ad95c909,男,47,2019,薄层静脉期,薄层,ambiguous,肉瘤类,0,from_label_4,脂肪肉瘤,data/cache_96slice/tensors/G0293.pt,3
G0090,f7238bde9265309303842a92,57ec23696413aeb411c4ceeb,女,58,2022,薄层静脉期,薄层,matched,淋巴瘤,3,from_label_4,淋巴瘤,data/cache_96slice/tensors/G0090.pt,3
G0276,d4d47fa80951b1e75f8939f8,fc1b5c86a8014a4b648aacc6,男,72,2019,薄层静脉期,薄层,ambiguous,肉瘤类,0,from_label_4,脂肪肉瘤,data/cache_96slice/tensors/G0276.pt,3
G0240,970636507c35724dced10b8b,946998207c3f404a7496135a,男,74,2023,薄层静脉期,薄层,matched,良性神经源性肿瘤,1,from_label_4,节细胞神经瘤,data/cache_96slice/tensors/G0240.pt,3
G0371,deadf03e83e80f3ceec17cec,e78d0b607a2a46288d8e4971,女,70,2020,薄层静脉期,薄层,matched,肉瘤类,0,from_label_4,脂肪肉瘤,data/cache_96slice/tensors/G0371.pt,3
G0337,9b4c9546014a5cdd285e0d06,7cd69fe87ccfe06a141206d5,男,62,2022,薄层静脉期,薄层,matched,肉瘤类,0,from_label_4,脂肪肉瘤,data/cache_96slice/tensors/G0337.pt,3
G0152,18f0da762e37f7f6d2932712,ed4fdcdf3cdcb4c76c95cc39,男,54,2021,薄层静脉期,薄层,matched,良性神经源性肿瘤,1,from_label_4,神经鞘瘤,data/cache_96slice/tensors/G0152.pt,3
G0002,415219307352eb24a5c47b06,a653c8a77770c3c34f652059,男,60,2020,薄层静脉期,薄层,matched,PPGL,2,from_label_4,副神经节瘤,data/cache_96slice/tensors/G0002.pt,3
G0203,5b7d4720bd683ca808ae5bdf,969f8e410bd6050f6a830511,男,64,2021,薄层静脉期,薄层,matched,良性神经源性肿瘤,1,from_label_4,神经鞘瘤,data/cache_96slice/tensors/G0203.pt,3
G0270,a4b213779e8c31512bea0620,95dd961ca6149a74c94d6e72,女,73,2023,薄层静脉期,薄层,matched,胃肠道间质瘤,4,from_pathology_class,胃肠道间质瘤,data/cache_96slice/tensors/G0270.pt,3
G0246,7c2442eb5bd412922ae322cb,ad60ccf0016afece84ce1de7,女,45,2013,薄层静脉期,薄层,matched,胃肠道间质瘤,4,from_pathology_class,胃肠道间质瘤,data/cache_96slice/tensors/G0246.pt,3
G0173,b55a2743322272727692e082,9c8950c552ae84437afcb9a1,男,58,2020,薄层静脉期,薄层,matched,良性神经源性肿瘤,1,from_label_4,神经鞘瘤,data/cache_96slice/tensors/G0173.pt,3
G0367,c19b01448329f9fe244eac9f,d943aa5a07eb2f572243ae08,女,66,2023,薄层静脉期,薄层,matched,肉瘤类,0,from_label_4,脂肪肉瘤,data/cache_96slice/tensors/G0367.pt,3
G0260,0be11031f45df8e5bfa7c392,a1a7b3d40f50eb1cc526a7e0,男,65,2020,薄层静脉期,薄层,matched,胃肠道间质瘤,4,from_pathology_class,胃肠道间质瘤,data/cache_96slice/tensors/G0260.pt,3
G0315,25b1557308a5cc8c1dd81b42,c134380cb84d3c4ca3e3cf36,男,68,2019,薄层静脉期,薄层,matched,肉瘤类,0,from_label_4,脂肪肉瘤,data/cache_96slice/tensors/G0315.pt,3
G0219,717b37af88a784bfca2907c1,ff87b429429513db2958034b,男,66,2022,薄层静脉期,薄层,matched,PPGL,2,from_pathology_class,嗜铬细胞瘤,data/cache_96slice/tensors/G0219.pt,3
G0183,5f60410ca7698d172d0300da,4623b56b81a3a061ac1c96c8,男,44,2018,薄层门脉期,薄层,ambiguous,良性神经源性肿瘤,1,from_label_4,神经鞘瘤,data/cache_96slice/tensors/G0183.pt,3
G0019,904a232a4437db0d60eb97b3,4d1d5cc1a72093966058d251,男,61,2023,薄层静脉期,薄层,matched,淋巴瘤,3,from_label_4,淋巴瘤,data/cache_96slice/tensors/G0019.pt,3
G0058,05671cd1b24eba4153339b21,a32a4a8c399901e1e617e9ac,男,49,2017,薄层静脉期,薄层,matched,淋巴瘤,3,from_label_4,淋巴瘤,data/cache_96slice/tensors/G0058.pt,3
G0303,fd5d9ac6b4e7412d4425ac5b,509fb8fe626b5b93f6019baf,女,48,2023,薄层静脉期,薄层,matched,肉瘤类,0,from_label_4,脂肪肉瘤,data/cache_96slice/tensors/G0303.pt,3
G0053,ce9588b8bec1828bfd8ae099,df7b915c8911c5a6ad0459d6,男,33,2023,薄层静脉期,薄层,matched,淋巴瘤,3,from_label_4,淋巴瘤,data/cache_96slice/tensors/G0053.pt,3
G0182,be6df29f58a50ad8d3af58f4,afce458aed777e5bfdf89d31,男,72,2022,薄层静脉期,薄层,matched,良性神经源性肿瘤,1,from_label_4,神经鞘瘤,data/cache_96slice/tensors/G0182.pt,3
G0117,45480f0880b1c9bc483ba8fd,422f8af19d653e26e68da79f,女,42,2023,薄层静脉期,薄层,matched,肉瘤类,0,from_label_4,平滑肌肉瘤,data/cache_96slice/tensors/G0117.pt,3
G0179,4891a6c0bde39028d7360a34,94430e6be88584d0255cf321,女,58,2022,薄层静脉期,薄层,matched,良性神经源性肿瘤,1,from_label_4,神经鞘瘤,data/cache_96slice/tensors/G0179.pt,3
G0081,862a698e65862c169e8de283,4292effa28d50e87f36e5091,男,70,2020,薄层静脉期,薄层,matched,淋巴瘤,3,from_label_4,淋巴瘤,data/cache_96slice/tensors/G0081.pt,3
G0211,953de3567364ef120d495764,0af6dea091e7c8615a28a082,女,61,2023,薄层静脉期,薄层,matched,良性神经源性肿瘤,1,from_label_4,神经鞘膜瘤,data/cache_96slice/tensors/G0211.pt,3
G0301,c257f644e4c0e56c76486640,578b4cf9045ba3708c816426,男,68,2021,薄层静脉期,薄层,matched,肉瘤类,0,from_label_4,脂肪肉瘤,data/cache_96slice/tensors/G0301.pt,3
G0153,a9b46ff74325fd09292d9b68,a51e33fd59d95a4287ef9440,女,55,2023,薄层静脉期,薄层,matched,良性神经源性肿瘤,1,from_label_4,神经鞘瘤,data/cache_96slice/tensors/G0153.pt,3
G0389,7969f92a40062b87b310abaa,4c03caaa683cd8db0d4c8dd5,男,55,2018,薄层静脉期,薄层,matched,肉瘤类,0,from_label_4,脂肪肉瘤,data/cache_96slice/tensors/G0389.pt,3
G0149,48c2dcbbd6f383b40f319655,ba9d261bca5436690681e26f,女,58,2022,薄层静脉期,薄层,matched,良性神经源性肿瘤,1,from_label_4,神经鞘瘤,data/cache_96slice/tensors/G0149.pt,3
G0096,a892b1f5792fd3d200c57734,579f9b221f92e71ba1cdfaef,女,53,2023,薄层静脉期,薄层,matched,肉瘤类,0,from_label_4,平滑肌肉瘤,data/cache_96slice/tensors/G0096.pt,3
G0340,4a40050398afc06beffe57e2,eac919baac084297a935e97b,男,68,2017,薄层静脉期,薄层,matched,肉瘤类,0,from_label_4,脂肪肉瘤,data/cache_96slice/tensors/G0340.pt,3
G0039,6d47fd4fb3cdf312d8024996,73f0be4719c6cd086be17da2,女,24,2022,薄层静脉期,薄层,matched,淋巴瘤,3,from_label_4,淋巴瘤,data/cache_96slice/tensors/G0039.pt,3
G0372,7840d2559b276a83c449fada,40023f450489683ed86ca419,男,75,2021,薄层静脉期,薄层,ambiguous,肉瘤类,0,from_label_4,脂肪肉瘤,data/cache_96slice/tensors/G0372.pt,3
G0121,01275ceaad05380981c724f8,bd19209b36e7aa667e5f3353,女,61,2019,薄层静脉期,薄层,ambiguous,肉瘤类,0,from_label_4,平滑肌肉瘤,data/cache_96slice/tensors/G0121.pt,3
G0132,17cef8d5c058965d09db2daf,6992d4b672d733da362cd934,女,67,2021,薄层静脉期,薄层,matched,肉瘤类,0,from_label_4,平滑肌肉瘤,data/cache_96slice/tensors/G0132.pt,3
G0131,6131424639cf0db7fd3fd096,acc19c23c8ba2c981cd70cde,女,32,2024,薄层静脉期,薄层,matched,肉瘤类,0,from_label_4,平滑肌肉瘤,data/cache_96slice/tensors/G0131.pt,3
G0130,f3da05037621ea997161e145,28ae0ee33b2b8a96131334a9,女,53,2024,薄层静脉期,薄层,matched,肉瘤类,0,from_label_4,平滑肌肉瘤,data/cache_96slice/tensors/G0130.pt,3
